Region;ISO3;Country;Year;January;February;March;April;May;June;July;August;September;October;November;December;
AFR;AGO;Angola;2015;13;19;6;7;10;20;17;49;51;27;8;1;
AFR;AGO;Angola;2016;0;2;0;0;0;1;1;0;3;3;2;0;
AFR;AGO;Angola;2017;2;0;1;0;1;0;0;2;1;6;5;1;
AFR;AGO;Angola;2018;0;2;0;4;3;1;0;6;7;5;2;1;
AFR;AGO;Angola;2019;6;5;3;3;4;0;0;0;0;0;0;;
AFR;BDI;Burundi;2015;11;0;6;6;2;0;5;11;12;3;1;4;
AFR;BDI;Burundi;2016;0;1;1;2;0;2;0;1;6;5;3;0;
AFR;BDI;Burundi;2017;0;0;0;0;0;1;0;0;0;1;0;3;
AFR;BDI;Burundi;2018;3;2;0;0;0;0;0;0;0;0;1;0;
AFR;BDI;Burundi;2019;0;0;1;0;0;0;1;0;0;0;0;;
AFR;BEN;Benin;2015;2;9;9;4;5;4;0;0;0;0;1;0;
AFR;BEN;Benin;2016;0;0;0;0;0;1;1;1;0;0;0;0;
AFR;BEN;Benin;2017;;;;;;;;;;;;;
AFR;BEN;Benin;2018;1;6;1;1;0;1;0;0;0;0;0;0;
AFR;BEN;Benin;2019;;;;;;;;;;;;;
AFR;BFA;Burkina Faso;2015;1;1;0;0;1;0;0;0;1;0;0;0;
AFR;BFA;Burkina Faso;2016;0;0;1;0;0;0;0;0;0;0;0;0;
AFR;BFA;Burkina Faso;2017;0;0;0;1;0;0;0;0;0;0;0;0;
AFR;BFA;Burkina Faso;2018;0;1;1;0;0;0;0;1;0;0;0;0;
AFR;BFA;Burkina Faso;2019;;;;;;;;;;;;;
AFR;BWA;Botswana;2015;2;1;0;0;0;0;0;0;0;1;1;0;
AFR;BWA;Botswana;2016;1;2;0;0;1;0;1;2;3;2;1;0;
AFR;BWA;Botswana;2017;0;0;1;1;0;0;0;0;0;1;0;0;
AFR;BWA;Botswana;2018;0;0;2;0;0;0;1;0;0;0;0;0;
AFR;BWA;Botswana;2019;;;;;;;;;;;;;
AFR;CAF;Central African Republic;2015;103;194;28;5;1;1;2;1;6;5;0;0;
AFR;CAF;Central African Republic;2016;5;14;4;11;0;0;0;1;0;0;0;0;
AFR;CAF;Central African Republic;2017;3;3;10;1;1;0;1;0;0;0;0;0;
AFR;CAF;Central African Republic;2018;0;0;0;1;0;0;1;0;0;0;0;1;
AFR;CAF;Central African Republic;2019;2;23;49;38;32;15;8;3;4;0;0;;
AFR;CIV;Cote d'Ivoire;2015;2;10;11;5;3;2;3;4;2;2;4;2;
AFR;CIV;Cote d'Ivoire;2016;16;60;40;31;9;12;7;3;5;5;2;2;
AFR;CIV;Cote d'Ivoire;2017;14;52;102;13;53;37;21;17;9;6;5;0;
AFR;CIV;Cote d'Ivoire;2018;62;28;44;11;18;0;1;2;2;7;0;2;
AFR;CIV;Cote d'Ivoire;2019;4;7;8;7;10;5;1;4;9;4;0;;
AFR;CMR;Cameroon;2015;58;64;70;27;18;21;3;0;3;2;7;4;
AFR;CMR;Cameroon;2016;1;5;3;1;0;0;0;0;0;0;1;4;
AFR;CMR;Cameroon;2017;0;0;2;2;4;1;1;2;0;0;0;0;
AFR;CMR;Cameroon;2018;0;0;3;0;0;0;2;0;1;1;1;0;
AFR;CMR;Cameroon;2019;0;1;5;3;4;5;3;7;5;0;0;;
AFR;COD;Democratic Republic of the Congo;2015;78;64;114;54;45;28;9;1;50;5;8;29;
AFR;COD;Democratic Republic of the Congo;2016;13;11;47;30;3;13;10;22;11;19;26;13;
AFR;COD;Democratic Republic of the Congo;2017;34;54;34;57;50;28;17;70;99;87;94;60;
AFR;COD;Democratic Republic of the Congo;2018;41;20;17;4;16;25;13;49;37;46;14;0;
AFR;COD;Democratic Republic of the Congo;2019;3;22;79;40;23;31;46;25;11;1;0;;
AFR;COG;Congo;2015;0;0;0;1;0;0;0;3;0;0;0;0;
AFR;COG;Congo;2016;;;;;;;;;;;;;
AFR;COG;Congo;2017;1;1;0;0;0;1;1;0;4;2;1;1;
AFR;COG;Congo;2018;1;5;11;7;22;5;12;18;12;13;11;4;
AFR;COG;Congo;2019;7;10;12;1;0;0;0;0;0;0;0;;
AFR;COM;Comoros;2015;;;;;;;;;;;;;
AFR;COM;Comoros;2016;;;;;;;;;;;;;
AFR;COM;Comoros;2017;;;;;;;;;;;;;
AFR;COM;Comoros;2018;;;;;;;;;;;;;
AFR;COM;Comoros;2019;;;;;;;;;;;;;
AFR;CPV;Cabo Verde;2015;;;;;;;;;;;;;
AFR;CPV;Cabo Verde;2016;;;;;;;;;;;;;
AFR;CPV;Cabo Verde;2017;;;;;;;;;;;;;
AFR;CPV;Cabo Verde;2018;;;;;;;;;;;;;
AFR;CPV;Cabo Verde;2019;;;;;;;;;;;;;
AFR;DZA;Algeria;2015;0;0;0;0;1;1;0;0;0;0;0;0;
AFR;DZA;Algeria;2016;0;0;0;0;3;0;0;0;0;1;6;1;
AFR;DZA;Algeria;2017;6;0;0;0;0;0;0;0;0;2;7;7;
AFR;DZA;Algeria;2018;14;18;0;0;0;0;0;0;0;0;0;0;
AFR;DZA;Algeria;2019;4;8;5;3;4;4;1;0;0;0;0;;
AFR;ERI;Eritrea;2015;0;1;0;1;2;1;0;0;1;0;3;1;
AFR;ERI;Eritrea;2016;4;1;6;12;8;6;4;1;1;0;0;0;
AFR;ERI;Eritrea;2017;1;1;0;0;0;0;0;0;0;0;0;0;
AFR;ERI;Eritrea;2018;0;0;0;5;0;0;0;0;0;0;0;0;
AFR;ERI;Eritrea;2019;0;0;2;1;1;2;0;0;0;0;0;;
AFR;ETH;Ethiopia;2015;23;47;54;46;54;53;16;6;1;4;8;11;
AFR;ETH;Ethiopia;2016;17;20;20;33;27;24;5;2;2;0;13;18;
AFR;ETH;Ethiopia;2017;18;41;47;36;47;61;28;6;3;5;7;11;
AFR;ETH;Ethiopia;2018;60;75;132;118;157;99;35;20;3;9;19;54;
AFR;ETH;Ethiopia;2019;23;21;11;31;32;44;19;4;3;0;0;;
AFR;GAB;Gabon;2015;1;20;13;4;3;7;5;1;2;2;1;0;
AFR;GAB;Gabon;2016;0;0;3;0;0;0;0;0;0;0;0;0;
AFR;GAB;Gabon;2017;;;;;;;;;;;;;
AFR;GAB;Gabon;2018;0;0;0;1;0;0;0;1;2;0;0;0;
AFR;GAB;Gabon;2019;;;;;;;;;;;;;
AFR;GHA;Ghana;2015;0;2;0;1;1;1;0;0;2;2;1;2;
AFR;GHA;Ghana;2016;2;3;1;0;0;0;0;0;2;2;0;0;
AFR;GHA;Ghana;2017;1;0;3;0;0;0;1;0;1;1;0;0;
AFR;GHA;Ghana;2018;0;0;7;1;3;3;3;1;2;0;0;0;
AFR;GHA;Ghana;2019;1;1;0;0;0;0;4;3;0;0;0;;
AFR;GIN;Guinea;2015;;;;;;;;;;;;;
AFR;GIN;Guinea;2016;4;14;0;2;12;4;0;0;0;0;0;0;
AFR;GIN;Guinea;2017;32;78;23;6;10;16;2;0;0;0;0;0;
AFR;GIN;Guinea;2018;3;7;4;1;0;0;0;2;0;0;0;0;
AFR;GIN;Guinea;2019;1;11;1;23;13;14;11;1;3;0;0;;
AFR;GMB;Gambia;2015;0;0;0;0;1;0;0;0;0;0;0;0;
AFR;GMB;Gambia;2016;1;0;0;0;0;0;0;0;0;0;0;0;
AFR;GMB;Gambia;2017;;;;;;;;;;;;;
AFR;GMB;Gambia;2018;0;0;0;1;0;0;0;0;0;0;0;0;
AFR;GMB;Gambia;2019;;;;;;;;;;;;;
AFR;GNB;Guinea-Bissau;2015;;;;;;;;;;;;;
AFR;GNB;Guinea-Bissau;2016;;;;;;;;;;;;;
AFR;GNB;Guinea-Bissau;2017;;;;;;;;;;;;;
AFR;GNB;Guinea-Bissau;2018;;;;;;;;;;;;;
AFR;GNB;Guinea-Bissau;2019;;;;;;;;;;;;;
AFR;GNQ;Equatorial Guinea;2015;0;0;4;1;0;0;0;0;4;0;1;3;
AFR;GNQ;Equatorial Guinea;2016;1;1;0;0;0;0;0;0;0;0;0;0;
AFR;GNQ;Equatorial Guinea;2017;1;0;0;0;1;1;1;0;0;0;0;0;
AFR;GNQ;Equatorial Guinea;2018;1;0;2;0;1;1;0;0;0;0;0;0;
AFR;GNQ;Equatorial Guinea;2019;;;;;;;;;;;;;
AFR;KEN;Kenya;2015;6;24;64;38;15;31;56;38;34;57;43;15;
AFR;KEN;Kenya;2016;11;29;75;45;46;20;7;4;12;6;1;1;
AFR;KEN;Kenya;2017;2;3;3;1;1;2;0;0;0;0;0;1;
AFR;KEN;Kenya;2018;0;0;1;1;0;2;0;3;6;7;2;1;
AFR;KEN;Kenya;2019;4;1;0;1;2;11;6;8;0;0;0;;
AFR;LBR;Liberia;2015;;;;;;;;;;;;;
AFR;LBR;Liberia;2016;;;;;;;;;;;;;
AFR;LBR;Liberia;2017;;;;;;;;;;;;;
AFR;LBR;Liberia;2018;3;36;16;0;0;2;2;0;0;0;0;0;
AFR;LBR;Liberia;2019;26;13;0;0;0;0;0;0;0;0;0;;
AFR;LSO;Lesotho;2015;3;6;9;1;12;5;3;17;43;14;16;0;
AFR;LSO;Lesotho;2016;1;0;0;3;3;1;0;0;0;2;1;0;
AFR;LSO;Lesotho;2017;2;0;5;1;0;0;0;0;0;0;0;0;
AFR;LSO;Lesotho;2018;;;;;;;;;;;;;
AFR;LSO;Lesotho;2019;0;0;0;0;1;0;0;0;0;0;0;;
AFR;MDG;Madagascar;2015;5;4;5;6;2;9;6;9;5;15;14;9;
AFR;MDG;Madagascar;2016;10;12;4;2;6;10;16;16;13;45;59;11;
AFR;MDG;Madagascar;2017;17;14;18;14;8;8;6;17;21;24;8;0;
AFR;MDG;Madagascar;2018;5;3;3;0;0;0;0;5;8;16;6;0;
AFR;MDG;Madagascar;2019;1;0;0;6;4;1;2;8;6;0;0;;
AFR;MLI;Mali;2015;3;18;95;13;15;9;4;1;1;0;2;10;
AFR;MLI;Mali;2016;8;9;26;18;3;1;0;0;0;0;0;0;
AFR;MLI;Mali;2017;0;3;1;1;6;5;0;0;0;0;1;1;
AFR;MLI;Mali;2018;3;25;59;19;1;3;2;0;0;0;0;0;
AFR;MLI;Mali;2019;2;8;6;0;1;0;0;0;1;0;0;;
AFR;MOZ;Mozambique;2015;6;7;5;30;34;33;132;77;4;1;16;18;
AFR;MOZ;Mozambique;2016;10;15;3;1;3;10;2;8;5;14;10;0;
AFR;MOZ;Mozambique;2017;1;3;3;0;3;4;6;12;15;0;1;0;
AFR;MOZ;Mozambique;2018;10;0;0;1;7;42;14;18;8;3;3;0;
AFR;MOZ;Mozambique;2019;0;0;4;1;5;11;17;0;0;0;0;;
AFR;MRT;Mauritania;2015;2;1;0;5;1;0;0;0;0;0;0;0;
AFR;MRT;Mauritania;2016;;;;;;;;;;;;;
AFR;MRT;Mauritania;2017;;;;;;;;;;;;;
AFR;MRT;Mauritania;2018;0;0;0;0;1;0;0;0;0;0;0;0;
AFR;MRT;Mauritania;2019;;;;;;;;;;;;;
AFR;MUS;Mauritius;2015;;;;;;;;;;;;;
AFR;MUS;Mauritius;2016;;;;;;;;;;;;;
AFR;MUS;Mauritius;2017;;;;;;;;;;;;;
AFR;MUS;Mauritius;2018;;;;;;;;;;;;;
AFR;MUS;Mauritius;2019;;;;;;;;;;;;;
AFR;MWI;Malawi;2015;5;11;2;5;4;7;6;23;6;12;7;11;
AFR;MWI;Malawi;2016;0;0;1;0;0;0;1;0;1;4;25;1;
AFR;MWI;Malawi;2017;2;0;1;2;3;2;4;4;6;1;0;0;
AFR;MWI;Malawi;2018;0;2;2;1;0;0;0;0;1;0;0;0;
AFR;MWI;Malawi;2019;0;0;1;0;1;0;0;0;0;0;0;;
AFR;NAM;Namibia;2015;17;27;63;26;17;24;86;100;40;14;0;0;
AFR;NAM;Namibia;2016;6;5;10;3;2;1;2;3;3;1;0;1;
AFR;NAM;Namibia;2017;0;1;8;6;2;0;0;0;0;0;0;0;
AFR;NAM;Namibia;2018;1;0;1;0;0;1;1;0;1;0;0;0;
AFR;NAM;Namibia;2019;0;1;2;2;2;1;0;0;0;0;0;;
AFR;NER;Niger;2015;0;1;1;16;5;1;0;0;0;0;0;0;
AFR;NER;Niger;2016;0;10;2;11;1;0;0;0;0;0;0;0;
AFR;NER;Niger;2017;0;0;0;10;0;0;0;0;0;0;0;0;
AFR;NER;Niger;2018;1;3;15;0;0;0;0;0;0;0;0;0;
AFR;NER;Niger;2019;2;0;0;1;3;0;0;0;0;0;0;;
AFR;NGA;Nigeria;2015;23;87;116;85;56;47;33;2;1;0;0;0;
AFR;NGA;Nigeria;2016;49;160;133;102;7;3;0;0;2;7;2;0;
AFR;NGA;Nigeria;2017;18;36;74;43;20;20;23;11;4;12;14;15;
AFR;NGA;Nigeria;2018;18;41;82;105;54;25;42;34;23;23;35;36;
AFR;NGA;Nigeria;2019;95;185;371;309;101;71;102;77;25;9;0;;
AFR;RWA;Rwanda;2015;0;0;0;0;0;0;1;0;0;0;0;0;
AFR;RWA;Rwanda;2016;1;0;0;0;0;0;1;0;1;3;1;7;
AFR;RWA;Rwanda;2017;1;2;2;1;2;0;0;0;0;5;1;0;
AFR;RWA;Rwanda;2018;0;0;0;0;0;1;3;1;0;0;0;0;
AFR;RWA;Rwanda;2019;1;1;0;0;0;0;0;0;0;0;0;;
AFR;SEN;Senegal;2015;0;3;1;3;5;0;2;1;0;0;0;0;
AFR;SEN;Senegal;2016;2;5;1;0;1;1;0;0;0;1;0;1;
AFR;SEN;Senegal;2017;0;1;0;2;1;1;1;0;1;0;0;0;
AFR;SEN;Senegal;2018;2;2;0;2;0;0;1;0;0;0;1;0;
AFR;SEN;Senegal;2019;2;3;2;2;4;3;1;0;1;0;0;;
AFR;SLE;Sierra Leone;2015;0;0;6;0;0;0;0;0;0;1;2;0;
AFR;SLE;Sierra Leone;2016;1;10;0;0;3;2;6;2;12;24;35;2;
AFR;SLE;Sierra Leone;2017;48;174;87;37;1;0;0;0;0;0;0;0;
AFR;SLE;Sierra Leone;2018;1;2;2;0;0;1;0;0;0;0;0;0;
AFR;SLE;Sierra Leone;2019;;;;;;;;;;;;;
AFR;SSD;South Sudan;2015;6;4;0;22;2;3;4;0;0;5;1;0;
AFR;SSD;South Sudan;2016;3;7;6;4;2;3;0;0;2;0;4;0;
AFR;SSD;South Sudan;2017;25;5;19;8;0;0;1;2;6;3;0;2;
AFR;SSD;South Sudan;2018;8;13;23;0;0;0;0;0;0;0;0;0;
AFR;SSD;South Sudan;2019;14;14;0;1;0;0;0;0;0;0;0;;
AFR;STP;Sao Tome and Principe;2015;0;0;0;1;2;0;0;0;0;0;0;0;
AFR;STP;Sao Tome and Principe;2016;;;;;;;;;;;;;
AFR;STP;Sao Tome and Principe;2017;;;;;;;;;;;;;
AFR;STP;Sao Tome and Principe;2018;;;;;;;;;;;;;
AFR;STP;Sao Tome and Principe;2019;;;;;;;;;;;;;
AFR;SWZ;Kingdom of Eswatini;2015;0;0;0;1;0;0;0;0;0;0;1;0;
AFR;SWZ;Kingdom of Eswatini;2016;0;0;0;1;0;0;2;1;0;0;0;0;
AFR;SWZ;Kingdom of Eswatini;2017;;;;;;;;;;;;;
AFR;SWZ;Kingdom of Eswatini;2018;;;;;;;;;;;;;
AFR;SWZ;Kingdom of Eswatini;2019;0;2;0;0;0;0;0;0;0;0;0;;
AFR;SYC;Seychelles;2015;;;;;;;;;;;;;
AFR;SYC;Seychelles;2016;;;;;;;;;;;;;
AFR;SYC;Seychelles;2017;;;;;;;;;;;;;
AFR;SYC;Seychelles;2018;;;;;;;;;;;;;
AFR;SYC;Seychelles;2019;;;;;;;;;;;;;
AFR;TCD;Chad;2015;0;0;13;8;7;1;1;0;0;0;1;0;
AFR;TCD;Chad;2016;4;5;1;4;2;1;0;7;0;0;0;0;
AFR;TCD;Chad;2017;0;0;7;9;3;1;0;1;0;1;1;1;
AFR;TCD;Chad;2018;4;5;17;8;11;4;0;0;0;0;0;0;
AFR;TCD;Chad;2019;0;4;7;1;1;0;0;0;0;0;0;;
AFR;TGO;Togo;2015;4;9;8;6;3;8;1;3;5;3;3;4;
AFR;TGO;Togo;2016;40;181;49;3;0;0;0;1;0;0;0;0;
AFR;TGO;Togo;2017;0;4;21;1;2;4;0;1;0;0;2;2;
AFR;TGO;Togo;2018;3;9;10;4;2;1;3;2;2;1;3;0;
AFR;TGO;Togo;2019;0;0;0;0;0;1;0;1;0;0;0;;
AFR;TZA;United Republic of Tanzania;2015;7;4;4;1;2;4;3;5;0;1;0;0;
AFR;TZA;United Republic of Tanzania;2016;1;2;2;1;2;1;2;4;2;5;0;1;
AFR;TZA;United Republic of Tanzania;2017;0;2;3;3;9;7;4;0;0;0;0;0;
AFR;TZA;United Republic of Tanzania;2018;9;0;2;3;2;4;1;1;1;4;3;0;
AFR;TZA;United Republic of Tanzania;2019;2;6;5;3;3;3;1;5;0;0;0;;
AFR;UGA;Uganda;2015;26;33;127;223;74;66;102;114;98;87;58;28;
AFR;UGA;Uganda;2016;18;10;23;61;31;17;21;31;7;21;27;16;
AFR;UGA;Uganda;2017;19;7;34;42;21;6;16;58;27;13;0;5;
AFR;UGA;Uganda;2018;42;23;71;37;4;2;38;53;30;33;48;64;
AFR;UGA;Uganda;2019;19;16;55;75;24;14;18;19;4;0;0;;
AFR;ZAF;South Africa;2015;51;0;0;1;0;0;4;1;14;10;0;0;
AFR;ZAF;South Africa;2016;10;18;14;21;20;38;27;51;149;164;106;24;
AFR;ZAF;South Africa;2017;29;30;73;30;91;166;76;128;191;470;311;0;
AFR;ZAF;South Africa;2018;49;38;42;37;50;36;52;22;33;39;45;5;
AFR;ZAF;South Africa;2019;20;19;38;34;45;60;52;86;70;0;0;;
AFR;ZMB;Zambia;2015;2;4;3;2;5;5;10;9;12;28;8;3;
AFR;ZMB;Zambia;2016;1;5;1;0;1;1;2;4;13;4;1;1;
AFR;ZMB;Zambia;2017;0;0;1;0;3;0;2;0;0;7;1;0;
AFR;ZMB;Zambia;2018;0;0;1;0;1;3;1;0;1;0;0;0;
AFR;ZMB;Zambia;2019;;;;;;;;;;;;;
AFR;ZWE;Zimbabwe;2015;2;1;5;4;0;2;0;0;1;3;2;0;
AFR;ZWE;Zimbabwe;2016;1;1;0;0;0;0;0;0;0;0;0;0;
AFR;ZWE;Zimbabwe;2017;1;0;3;0;0;0;0;0;0;0;0;0;
AFR;ZWE;Zimbabwe;2018;0;1;0;0;0;0;0;0;0;0;0;0;
AFR;ZWE;Zimbabwe;2019;2;2;4;6;0;0;0;0;0;0;0;;
AMR;ARG;Argentina;2015;;;;;;;;;;;;;
AMR;ARG;Argentina;2016;;;;;;;;;;;;;
AMR;ARG;Argentina;2017;;;;;;;;;;;;;
AMR;ARG;Argentina;2018;;;;;;;;;;;;;
AMR;ARG;Argentina;2019;0;0;0;1;2;0;0;0;0;0;0;;
AMR;ATG;Antigua and Barbuda;2015;;;;;;;;;;;;;
AMR;ATG;Antigua and Barbuda;2016;;;;;;;;;;;;;
AMR;ATG;Antigua and Barbuda;2017;;;;;;;;;;;;;
AMR;ATG;Antigua and Barbuda;2018;;;;;;;;;;;;;
AMR;ATG;Antigua and Barbuda;2019;;;;;;;;;;;;;
AMR;BHS;Bahamas;2015;;;;;;;;;;;;;
AMR;BHS;Bahamas;2016;;;;;;;;;;;;;
AMR;BHS;Bahamas;2017;;;;;;;;;;;;;
AMR;BHS;Bahamas;2018;;;;;;;;;;;;;
AMR;BHS;Bahamas;2019;;;;;;;;;;;;;
AMR;BLZ;Belize;2015;;;;;;;;;;;;;
AMR;BLZ;Belize;2016;;;;;;;;;;;;;
AMR;BLZ;Belize;2017;;;;;;;;;;;;;
AMR;BLZ;Belize;2018;;;;;;;;;;;;;
AMR;BLZ;Belize;2019;;;;;;;;;;;;;
AMR;BOL;Bolivia (Plurinational State of);2015;;;;;;;;;;;;;
AMR;BOL;Bolivia (Plurinational State of);2016;;;;;;;;;;;;;
AMR;BOL;Bolivia (Plurinational State of);2017;;;;;;;;;;;;;
AMR;BOL;Bolivia (Plurinational State of);2018;;;;;;;;;;;;;
AMR;BOL;Bolivia (Plurinational State of);2019;;;;;;;;;;;;;
AMR;BRA;Brazil;2015;;;;;;;;;;;;;
AMR;BRA;Brazil;2016;;;;;;;;;;;;;
AMR;BRA;Brazil;2017;;;;;;;;;;;;;
AMR;BRA;Brazil;2018;;;;;;;;;;;;;
AMR;BRA;Brazil;2019;;;;;;;;;;;;;
AMR;BRB;Barbados;2015;;;;;;;;;;;;;
AMR;BRB;Barbados;2016;;;;;;;;;;;;;
AMR;BRB;Barbados;2017;;;;;;;;;;;;;
AMR;BRB;Barbados;2018;;;;;;;;;;;;;
AMR;BRB;Barbados;2019;;;;;;;;;;;;;
AMR;CAN;Canada;2015;;;;;;;;;;;;;
AMR;CAN;Canada;2016;;;;;;;;;;;;;
AMR;CAN;Canada;2017;;;;;;;;;;;;;
AMR;CAN;Canada;2018;;;;;;;;;;;;;
AMR;CAN;Canada;2019;;;;;;;;;;;;;
AMR;CHL;Chile;2015;;;;;;;;;;;;;
AMR;CHL;Chile;2016;;;;;;;;;;;;;
AMR;CHL;Chile;2017;;;;;;;;;;;;;
AMR;CHL;Chile;2018;;;;;;;;;;;;;
AMR;CHL;Chile;2019;0;0;0;1;0;0;0;0;0;0;0;;
AMR;COL;Colombia;2015;;;;;;;;;;;;;
AMR;COL;Colombia;2016;;;;;;;;;;;;;
AMR;COL;Colombia;2017;;;;;;;;;;;;;
AMR;COL;Colombia;2018;;;;;;;;;;;;;
AMR;COL;Colombia;2019;;;;;;;;;;;;;
AMR;CRI;Costa Rica;2015;;;;;;;;;;;;;
AMR;CRI;Costa Rica;2016;;;;;;;;;;;;;
AMR;CRI;Costa Rica;2017;;;;;;;;;;;;;
AMR;CRI;Costa Rica;2018;;;;;;;;;;;;;
AMR;CRI;Costa Rica;2019;;;;;;;;;;;;;
AMR;CUB;Cuba;2015;;;;;;;;;;;;;
AMR;CUB;Cuba;2016;;;;;;;;;;;;;
AMR;CUB;Cuba;2017;;;;;;;;;;;;;
AMR;CUB;Cuba;2018;;;;;;;;;;;;;
AMR;CUB;Cuba;2019;;;;;;;;;;;;;
AMR;DMA;Dominica;2015;;;;;;;;;;;;;
AMR;DMA;Dominica;2016;;;;;;;;;;;;;
AMR;DMA;Dominica;2017;;;;;;;;;;;;;
AMR;DMA;Dominica;2018;;;;;;;;;;;;;
AMR;DMA;Dominica;2019;;;;;;;;;;;;;
AMR;DOM;Dominican Republic;2015;;;;;;;;;;;;;
AMR;DOM;Dominican Republic;2016;;;;;;;;;;;;;
AMR;DOM;Dominican Republic;2017;;;;;;;;;;;;;
AMR;DOM;Dominican Republic;2018;;;;;;;;;;;;;
AMR;DOM;Dominican Republic;2019;;;;;;;;;;;;;
AMR;ECU;Ecuador;2015;;;;;;;;;;;;;
AMR;ECU;Ecuador;2016;;;;;;;;;;;;;
AMR;ECU;Ecuador;2017;;;;;;;;;;;;;
AMR;ECU;Ecuador;2018;;;;;;;;;;;;;
AMR;ECU;Ecuador;2019;;;;;;;;;;;;;
AMR;GRD;Grenada;2015;;;;;;;;;;;;;
AMR;GRD;Grenada;2016;;;;;;;;;;;;;
AMR;GRD;Grenada;2017;;;;;;;;;;;;;
AMR;GRD;Grenada;2018;;;;;;;;;;;;;
AMR;GRD;Grenada;2019;;;;;;;;;;;;;
AMR;GTM;Guatemala;2015;;;;;;;;;;;;;
AMR;GTM;Guatemala;2016;;;;;;;;;;;;;
AMR;GTM;Guatemala;2017;;;;;;;;;;;;;
AMR;GTM;Guatemala;2018;;;;;;;;;;;;;
AMR;GTM;Guatemala;2019;;;;;;;;;;;;;
AMR;GUY;Guyana;2015;;;;;;;;;;;;;
AMR;GUY;Guyana;2016;;;;;;;;;;;;;
AMR;GUY;Guyana;2017;;;;;;;;;;;;;
AMR;GUY;Guyana;2018;;;;;;;;;;;;;
AMR;GUY;Guyana;2019;;;;;;;;;;;;;
AMR;HND;Honduras;2015;;;;;;;;;;;;;
AMR;HND;Honduras;2016;;;;;;;;;;;;;
AMR;HND;Honduras;2017;;;;;;;;;;;;;
AMR;HND;Honduras;2018;;;;;;;;;;;;;
AMR;HND;Honduras;2019;;;;;;;;;;;;;
AMR;HTI;Haiti;2015;;;;;;;;;;;;;
AMR;HTI;Haiti;2016;;;;;;;;;;;;;
AMR;HTI;Haiti;2017;;;;;;;;;;;;;
AMR;HTI;Haiti;2018;;;;;;;;;;;;;
AMR;HTI;Haiti;2019;;;;;;;;;;;;;
AMR;JAM;Jamaica;2015;;;;;;;;;;;;;
AMR;JAM;Jamaica;2016;;;;;;;;;;;;;
AMR;JAM;Jamaica;2017;;;;;;;;;;;;;
AMR;JAM;Jamaica;2018;;;;;;;;;;;;;
AMR;JAM;Jamaica;2019;;;;;;;;;;;;;
AMR;KNA;Saint Kitts and Nevis;2015;;;;;;;;;;;;;
AMR;KNA;Saint Kitts and Nevis;2016;;;;;;;;;;;;;
AMR;KNA;Saint Kitts and Nevis;2017;;;;;;;;;;;;;
AMR;KNA;Saint Kitts and Nevis;2018;;;;;;;;;;;;;
AMR;KNA;Saint Kitts and Nevis;2019;;;;;;;;;;;;;
AMR;LCA;Saint Lucia;2015;;;;;;;;;;;;;
AMR;LCA;Saint Lucia;2016;;;;;;;;;;;;;
AMR;LCA;Saint Lucia;2017;;;;;;;;;;;;;
AMR;LCA;Saint Lucia;2018;;;;;;;;;;;;;
AMR;LCA;Saint Lucia;2019;;;;;;;;;;;;;
AMR;MEX;Mexico;2015;;;;;;;;;;;;;
AMR;MEX;Mexico;2016;;;;;;;;;;;;;
AMR;MEX;Mexico;2017;;;;;;;;;;;;;
AMR;MEX;Mexico;2018;0;1;0;1;0;0;0;0;0;0;0;0;
AMR;MEX;Mexico;2019;;;;;;;;;;;;;
AMR;NIC;Nicaragua;2015;;;;;;;;;;;;;
AMR;NIC;Nicaragua;2016;;;;;;;;;;;;;
AMR;NIC;Nicaragua;2017;;;;;;;;;;;;;
AMR;NIC;Nicaragua;2018;;;;;;;;;;;;;
AMR;NIC;Nicaragua;2019;;;;;;;;;;;;;
AMR;PAN;Panama;2015;;;;;;;;;;;;;
AMR;PAN;Panama;2016;;;;;;;;;;;;;
AMR;PAN;Panama;2017;;;;;;;;;;;;;
AMR;PAN;Panama;2018;;;;;;;;;;;;;
AMR;PAN;Panama;2019;;;;;;;;;;;;;
AMR;PER;Peru;2015;;;;;;;;;;;;;
AMR;PER;Peru;2016;;;;;;;;;;;;;
AMR;PER;Peru;2017;;;;;;;;;;;;;
AMR;PER;Peru;2018;;;;;;;;;;;;;
AMR;PER;Peru;2019;;;;;;;;;;;;;
AMR;PRY;Paraguay;2015;;;;;;;;;;;;;
AMR;PRY;Paraguay;2016;;;;;;;;;;;;;
AMR;PRY;Paraguay;2017;;;;;;;;;;;;;
AMR;PRY;Paraguay;2018;;;;;;;;;;;;;
AMR;PRY;Paraguay;2019;;;;;;;;;;;;;
AMR;SLV;El Salvador;2015;;;;;;;;;;;;;
AMR;SLV;El Salvador;2016;;;;;;;;;;;;;
AMR;SLV;El Salvador;2017;;;;;;;;;;;;;
AMR;SLV;El Salvador;2018;;;;;;;;;;;;;
AMR;SLV;El Salvador;2019;;;;;;;;;;;;;
AMR;SUR;Suriname;2015;;;;;;;;;;;;;
AMR;SUR;Suriname;2016;;;;;;;;;;;;;
AMR;SUR;Suriname;2017;;;;;;;;;;;;;
AMR;SUR;Suriname;2018;;;;;;;;;;;;;
AMR;SUR;Suriname;2019;;;;;;;;;;;;;
AMR;TTO;Trinidad and Tobago;2015;;;;;;;;;;;;;
AMR;TTO;Trinidad and Tobago;2016;;;;;;;;;;;;;
AMR;TTO;Trinidad and Tobago;2017;;;;;;;;;;;;;
AMR;TTO;Trinidad and Tobago;2018;;;;;;;;;;;;;
AMR;TTO;Trinidad and Tobago;2019;;;;;;;;;;;;;
AMR;URY;Uruguay;2015;;;;;;;;;;;;;
AMR;URY;Uruguay;2016;;;;;;;;;;;;;
AMR;URY;Uruguay;2017;;;;;;;;;;;;;
AMR;URY;Uruguay;2018;;;;;;;;;;;;;
AMR;URY;Uruguay;2019;;;;;;;;;;;;;
AMR;USA;United States of America;2015;;;;;;;;;;;;;
AMR;USA;United States of America;2016;;;;;;;;;;;;;
AMR;USA;United States of America;2017;;;;;;;;;;;;;
AMR;USA;United States of America;2018;;;;;;;;;;;;;
AMR;USA;United States of America;2019;;;;;;;;;;;;;
AMR;VCT;Saint Vincent and the Grenadines;2015;;;;;;;;;;;;;
AMR;VCT;Saint Vincent and the Grenadines;2016;;;;;;;;;;;;;
AMR;VCT;Saint Vincent and the Grenadines;2017;;;;;;;;;;;;;
AMR;VCT;Saint Vincent and the Grenadines;2018;;;;;;;;;;;;;
AMR;VCT;Saint Vincent and the Grenadines;2019;;;;;;;;;;;;;
AMR;VEN;Venezuela (Bolivarian Republic of);2015;;;;;;;;;;;;;
AMR;VEN;Venezuela (Bolivarian Republic of);2016;;;;;;;;;;;;;
AMR;VEN;Venezuela (Bolivarian Republic of);2017;;;;;;;;;;;;;
AMR;VEN;Venezuela (Bolivarian Republic of);2018;;;;;;;;;;;;;
AMR;VEN;Venezuela (Bolivarian Republic of);2019;;;;;;;;;;;;;
EMR;AFG;Afghanistan;2015;6;12;8;2;8;4;2;1;1;3;1;6;
EMR;AFG;Afghanistan;2016;1;6;5;7;6;7;1;0;1;2;1;5;
EMR;AFG;Afghanistan;2017;8;7;13;8;3;3;3;0;0;1;4;3;
EMR;AFG;Afghanistan;2018;4;5;9;6;4;4;1;2;2;0;0;0;
EMR;AFG;Afghanistan;2019;7;1;7;8;15;4;1;0;0;0;0;;
EMR;ARE;United Arab Emirates;2015;8;8;17;28;23;14;15;3;0;3;36;23;
EMR;ARE;United Arab Emirates;2016;1;10;12;29;28;23;8;4;8;4;4;4;
EMR;ARE;United Arab Emirates;2017;2;3;5;2;4;5;6;1;3;2;1;1;
EMR;ARE;United Arab Emirates;2018;0;2;0;1;3;1;2;0;0;1;0;2;
EMR;ARE;United Arab Emirates;2019;6;8;20;23;22;11;7;3;0;0;0;;
EMR;BHR;Bahrain;2015;;;;;;;;;;;;;
EMR;BHR;Bahrain;2016;;;;;;;;;;;;;
EMR;BHR;Bahrain;2017;;;;;;;;;;;;;
EMR;BHR;Bahrain;2018;;;;;;;;;;;;;
EMR;BHR;Bahrain;2019;;;;;;;;;;;;;
EMR;DJI;Djibouti;2015;;;;;;;;;;;;;
EMR;DJI;Djibouti;2016;;;;;;;;;;;;;
EMR;DJI;Djibouti;2017;;;;;;;;;;;;;
EMR;DJI;Djibouti;2018;;;;;;;;;;;;;
EMR;DJI;Djibouti;2019;;;;;;;;;;;;;
EMR;EGY;Egypt;2015;6;3;3;0;1;2;0;0;0;1;2;2;
EMR;EGY;Egypt;2016;3;0;1;3;0;0;2;3;1;4;2;1;
EMR;EGY;Egypt;2017;0;5;7;3;2;1;1;2;3;3;3;3;
EMR;EGY;Egypt;2018;0;0;0;1;0;0;0;0;0;2;1;3;
EMR;EGY;Egypt;2019;;;;;;;;;;;;;
EMR;IRN;Iran (Islamic Republic of);2015;1;7;1;5;8;4;3;1;1;2;2;1;
EMR;IRN;Iran (Islamic Republic of);2016;3;1;3;2;0;1;0;1;1;1;2;2;
EMR;IRN;Iran (Islamic Republic of);2017;0;1;2;2;3;0;0;2;1;2;4;3;
EMR;IRN;Iran (Islamic Republic of);2018;2;1;9;5;4;1;5;0;0;1;0;1;
EMR;IRN;Iran (Islamic Republic of);2019;0;2;1;7;2;1;0;0;0;0;0;;
EMR;IRQ;Iraq;2015;0;0;0;0;1;0;0;0;0;0;0;0;
EMR;IRQ;Iraq;2016;0;0;0;0;0;0;0;0;0;0;0;1;
EMR;IRQ;Iraq;2017;1;0;0;1;1;1;1;0;0;0;0;1;
EMR;IRQ;Iraq;2018;16;0;0;0;0;0;0;0;0;0;0;0;
EMR;IRQ;Iraq;2019;0;0;3;1;0;0;1;1;0;0;0;;
EMR;JOR;Jordan;2015;;;;;;;;;;;;;
EMR;JOR;Jordan;2016;;;;;;;;;;;;;
EMR;JOR;Jordan;2017;;;;;;;;;;;;;
EMR;JOR;Jordan;2018;;;;;;;;;;;;;
EMR;JOR;Jordan;2019;0;0;0;0;0;2;2;0;0;0;0;;
EMR;KWT;Kuwait;2015;;;;;;;;;;;;;
EMR;KWT;Kuwait;2016;0;0;0;0;1;0;0;0;0;2;0;0;
EMR;KWT;Kuwait;2017;0;0;0;1;0;0;0;0;0;0;0;0;
EMR;KWT;Kuwait;2018;0;1;1;1;0;0;0;0;0;0;0;0;
EMR;KWT;Kuwait;2019;0;0;0;1;1;0;0;0;0;0;0;;
EMR;LBN;Lebanon;2015;1;0;3;1;0;1;1;1;0;0;1;0;
EMR;LBN;Lebanon;2016;1;1;0;0;1;0;2;0;0;1;4;0;
EMR;LBN;Lebanon;2017;0;1;0;0;4;1;2;1;1;0;0;0;
EMR;LBN;Lebanon;2018;3;2;1;2;4;0;0;0;1;0;0;0;
EMR;LBN;Lebanon;2019;2;1;0;1;0;0;0;0;0;0;0;;
EMR;LBY;Libya;2015;;;;;;;;;;;;;
EMR;LBY;Libya;2016;;;;;;;;;;;;;
EMR;LBY;Libya;2017;0;0;0;0;0;0;0;0;2;0;0;0;
EMR;LBY;Libya;2018;0;0;0;1;4;2;0;1;0;2;2;2;
EMR;LBY;Libya;2019;0;2;0;2;4;1;2;6;3;0;0;;
EMR;MAR;Morocco;2015;0;0;1;0;0;2;0;0;0;0;0;1;
EMR;MAR;Morocco;2016;;;;;;;;;;;;;
EMR;MAR;Morocco;2017;0;0;0;1;1;1;0;0;0;2;1;0;
EMR;MAR;Morocco;2018;0;0;1;0;2;2;0;0;0;3;0;1;
EMR;MAR;Morocco;2019;0;2;2;0;1;0;0;0;1;0;0;;
EMR;OMN;Oman;2015;;;;;;;;;;;;;
EMR;OMN;Oman;2016;1;0;0;1;1;0;1;0;0;0;0;3;
EMR;OMN;Oman;2017;0;0;0;0;0;1;0;2;0;0;0;0;
EMR;OMN;Oman;2018;;;;;;;;;;;;;
EMR;OMN;Oman;2019;;;;;;;;;;;;;
EMR;PAK;Pakistan;2015;2;10;20;31;18;92;29;2;0;5;4;8;
EMR;PAK;Pakistan;2016;8;67;136;174;180;33;8;1;3;0;1;5;
EMR;PAK;Pakistan;2017;7;10;23;51;115;88;34;9;8;18;15;10;
EMR;PAK;Pakistan;2018;44;63;112;99;125;38;15;8;12;19;15;8;
EMR;PAK;Pakistan;2019;20;40;125;289;314;163;74;8;0;0;0;;
EMR;QAT;Qatar;2015;1;2;0;3;0;0;0;0;0;1;0;0;
EMR;QAT;Qatar;2016;0;1;0;3;8;3;2;2;1;0;0;0;
EMR;QAT;Qatar;2017;0;0;0;0;0;1;0;0;0;0;1;0;
EMR;QAT;Qatar;2018;;;;;;;;;;;;;
EMR;QAT;Qatar;2019;0;0;0;0;1;0;0;0;0;0;0;;
EMR;SAU;Saudi Arabia;2015;0;0;1;0;1;2;0;0;0;0;0;0;
EMR;SAU;Saudi Arabia;2016;0;0;0;0;2;0;5;5;4;0;1;4;
EMR;SAU;Saudi Arabia;2017;3;2;2;1;2;0;1;3;4;10;4;6;
EMR;SAU;Saudi Arabia;2018;2;3;3;7;3;4;1;4;7;5;3;3;
EMR;SAU;Saudi Arabia;2019;3;2;2;6;5;6;2;6;0;0;0;;
EMR;SDN;Sudan;2015;179;272;179;111;42;30;20;48;45;42;35;49;
EMR;SDN;Sudan;2016;163;348;173;93;68;46;17;8;8;24;22;26;
EMR;SDN;Sudan;2017;43;70;62;26;16;6;1;2;2;7;13;11;
EMR;SDN;Sudan;2018;40;71;73;54;20;13;16;14;15;8;12;13;
EMR;SDN;Sudan;2019;7;37;47;13;11;4;4;0;0;0;0;;
EMR;SOM;Somalia;2015;0;0;1;0;0;0;0;0;0;0;0;0;
EMR;SOM;Somalia;2016;;;;;;;;;;;;;
EMR;SOM;Somalia;2017;0;0;1;0;0;0;0;0;0;4;0;0;
EMR;SOM;Somalia;2018;;;;;;;;;;;;;
EMR;SOM;Somalia;2019;;;;;;;;;;;;;
EMR;SYR;Syrian Arab Republic;2015;;;;;;;;;;;;;
EMR;SYR;Syrian Arab Republic;2016;0;0;0;1;0;0;0;0;0;0;0;0;
EMR;SYR;Syrian Arab Republic;2017;0;0;0;0;0;0;0;0;1;0;0;0;
EMR;SYR;Syrian Arab Republic;2018;0;2;0;0;2;0;1;0;1;0;0;0;
EMR;SYR;Syrian Arab Republic;2019;0;1;0;1;0;1;0;0;1;0;0;;
EMR;TUN;Tunisia;2015;0;0;1;4;2;4;2;3;0;3;1;5;
EMR;TUN;Tunisia;2016;1;3;1;2;2;2;1;0;1;4;2;0;
EMR;TUN;Tunisia;2017;1;1;1;2;2;1;0;0;0;1;1;1;
EMR;TUN;Tunisia;2018;1;0;1;3;2;2;4;4;0;1;1;2;
EMR;TUN;Tunisia;2019;1;2;5;51;24;22;9;1;3;0;0;;
EMR;YEM;Yemen;2015;30;30;18;12;13;12;9;10;4;11;6;4;
EMR;YEM;Yemen;2016;8;19;8;5;0;2;11;3;0;0;0;0;
EMR;YEM;Yemen;2017;11;11;5;8;3;3;0;0;0;0;0;0;
EMR;YEM;Yemen;2018;39;23;32;26;33;48;68;50;33;38;12;0;
EMR;YEM;Yemen;2019;;;;;;;;;;;;;
EUR;ALB;Albania;2015;;;;;;;;;;;;;
EUR;ALB;Albania;2016;;;;;;;;;;;;;
EUR;ALB;Albania;2017;;;;;;;;;;;;;
EUR;ALB;Albania;2018;;;;;;;;;;;;;
EUR;ALB;Albania;2019;;;;;;;;;;;;;
EUR;AND;Andorra;2015;;;;;;;;;;;;;
EUR;AND;Andorra;2016;;;;;;;;;;;;;
EUR;AND;Andorra;2017;;;;;;;;;;;;;
EUR;AND;Andorra;2018;;;;;;;;;;;;;
EUR;AND;Andorra;2019;;;;;;;;;;;;;
EUR;ARM;Armenia;2015;;;;;;;;;;;;;
EUR;ARM;Armenia;2016;;;;;;;;;;;;;
EUR;ARM;Armenia;2017;;;;;;;;;;;;;
EUR;ARM;Armenia;2018;;;;;;;;;;;;;
EUR;ARM;Armenia;2019;;;;;;;;;;;;;
EUR;AUT;Austria;2015;0;0;0;1;0;0;0;0;0;0;0;0;
EUR;AUT;Austria;2016;0;1;1;0;0;0;0;1;0;0;0;0;
EUR;AUT;Austria;2017;0;6;18;1;1;0;0;0;0;2;6;7;
EUR;AUT;Austria;2018;6;0;0;0;0;0;0;0;0;0;0;0;
EUR;AUT;Austria;2019;0;1;0;0;0;1;0;0;0;0;0;;
EUR;AZE;Azerbaijan;2015;;;;;;;;;;;;;
EUR;AZE;Azerbaijan;2016;;;;;;;;;;;;;
EUR;AZE;Azerbaijan;2017;;;;;;;;;;;;;
EUR;AZE;Azerbaijan;2018;;;;;;;;;;;;;
EUR;AZE;Azerbaijan;2019;;;;;;;;;;;;;
EUR;BEL;Belgium;2015;;;;;;;;;;;;;
EUR;BEL;Belgium;2016;;;;;;;;;;;;;
EUR;BEL;Belgium;2017;;;;;;;;;;;;;
EUR;BEL;Belgium;2018;;;;;;;;;;;;;
EUR;BEL;Belgium;2019;;;;;;;;;;;;;
EUR;BGR;Bulgaria;2015;0;1;0;0;2;0;0;1;0;1;0;0;
EUR;BGR;Bulgaria;2016;0;0;0;0;0;0;1;0;0;0;1;1;
EUR;BGR;Bulgaria;2017;;;;;;;;;;;;;
EUR;BGR;Bulgaria;2018;0;0;0;1;0;0;0;0;0;0;0;0;
EUR;BGR;Bulgaria;2019;;;;;;;;;;;;;
EUR;BIH;Bosnia and Herzegovina;2015;0;1;1;4;1;0;0;0;0;0;0;1;
EUR;BIH;Bosnia and Herzegovina;2016;;;;;;;;;;;;;
EUR;BIH;Bosnia and Herzegovina;2017;0;0;0;0;0;0;0;1;0;0;0;0;
EUR;BIH;Bosnia and Herzegovina;2018;1;0;0;0;1;0;0;0;0;0;1;0;
EUR;BIH;Bosnia and Herzegovina;2019;0;0;1;0;1;0;0;1;0;0;0;;
EUR;BLR;Belarus;2015;0;1;0;0;0;0;0;0;0;0;0;0;
EUR;BLR;Belarus;2016;;;;;;;;;;;;;
EUR;BLR;Belarus;2017;0;0;0;0;0;0;0;0;0;1;0;0;
EUR;BLR;Belarus;2018;1;1;0;0;0;0;0;0;0;0;0;0;
EUR;BLR;Belarus;2019;;;;;;;;;;;;;
EUR;CHE;Switzerland;2015;2;0;0;0;1;0;0;0;0;0;0;0;
EUR;CHE;Switzerland;2016;;;;;;;;;;;;;
EUR;CHE;Switzerland;2017;0;0;0;0;1;0;0;0;0;0;0;0;
EUR;CHE;Switzerland;2018;0;1;0;0;1;0;0;0;0;0;0;0;
EUR;CHE;Switzerland;2019;0;0;0;0;0;1;0;0;0;0;0;;
EUR;CYP;Cyprus;2015;;;;;;;;;;;;;
EUR;CYP;Cyprus;2016;;;;;;;;;;;;;
EUR;CYP;Cyprus;2017;;;;;;;;;;;;;
EUR;CYP;Cyprus;2018;;;;;;;;;;;;;
EUR;CYP;Cyprus;2019;;;;;;;;;;;;;
EUR;CZE;Czech Republic;2015;;;;;;;;;;;;;
EUR;CZE;Czech Republic;2016;;;;;;;;;;;;;
EUR;CZE;Czech Republic;2017;0;0;1;1;0;0;0;0;0;0;0;0;
EUR;CZE;Czech Republic;2018;0;1;0;0;0;0;1;0;0;0;0;0;
EUR;CZE;Czech Republic;2019;;;;;;;;;;;;;
EUR;DEU;Germany;2015;11;7;7;15;9;8;10;4;5;3;5;5;
EUR;DEU;Germany;2016;6;6;4;19;13;10;16;3;3;5;7;4;
EUR;DEU;Germany;2017;7;4;7;12;7;7;5;5;3;11;4;2;
EUR;DEU;Germany;2018;7;3;5;5;3;8;6;5;6;4;2;4;
EUR;DEU;Germany;2019;3;5;7;4;5;5;10;5;0;0;0;;
EUR;DNK;Denmark;2015;;;;;;;;;;;;;
EUR;DNK;Denmark;2016;;;;;;;;;;;;;
EUR;DNK;Denmark;2017;;;;;;;;;;;;;
EUR;DNK;Denmark;2018;;;;;;;;;;;;;
EUR;DNK;Denmark;2019;;;;;;;;;;;;;
EUR;ESP;Spain;2015;0;0;0;0;0;1;0;0;1;0;2;0;
EUR;ESP;Spain;2016;0;0;1;1;0;0;0;0;0;0;0;0;
EUR;ESP;Spain;2017;0;0;0;0;0;0;1;0;0;0;0;0;
EUR;ESP;Spain;2018;0;0;0;1;1;1;0;0;0;0;0;9;
EUR;ESP;Spain;2019;3;0;0;0;0;0;0;0;0;0;0;;
EUR;EST;Estonia;2015;;;;;;;;;;;;;
EUR;EST;Estonia;2016;;;;;;;;;;;;;
EUR;EST;Estonia;2017;;;;;;;;;;;;;
EUR;EST;Estonia;2018;;;;;;;;;;;;;
EUR;EST;Estonia;2019;;;;;;;;;;;;;
EUR;FIN;Finland;2015;0;0;0;0;0;0;0;0;0;1;0;4;
EUR;FIN;Finland;2016;;;;;;;;;;;;;
EUR;FIN;Finland;2017;0;0;0;0;0;0;0;0;0;1;0;0;
EUR;FIN;Finland;2018;;;;;;;;;;;;;
EUR;FIN;Finland;2019;;;;;;;;;;;;;
EUR;FRA;France;2015;;;;;;;;;;;;;
EUR;FRA;France;2016;;;;;;;;;;;;;
EUR;FRA;France;2017;;;;;;;;;;;;;
EUR;FRA;France;2018;;;;;;;;;;;;;
EUR;FRA;France;2019;;;;;;;;;;;;;
EUR;GBR;United Kingdom of Great Britain and Northern Ireland;2015;0;1;3;1;0;0;0;0;0;0;0;0;
EUR;GBR;United Kingdom of Great Britain and Northern Ireland;2016;0;0;1;0;0;0;0;0;0;0;1;0;
EUR;GBR;United Kingdom of Great Britain and Northern Ireland;2017;0;0;0;1;0;0;0;0;0;1;1;0;
EUR;GBR;United Kingdom of Great Britain and Northern Ireland;2018;0;1;0;0;0;0;0;0;1;0;0;0;
EUR;GBR;United Kingdom of Great Britain and Northern Ireland;2019;0;1;0;0;0;0;0;0;0;0;0;;
EUR;GEO;Georgia;2015;8;10;11;11;16;20;7;5;1;1;4;6;
EUR;GEO;Georgia;2016;2;0;0;1;3;3;1;0;0;1;0;1;
EUR;GEO;Georgia;2017;1;1;0;0;0;1;1;0;0;0;1;0;
EUR;GEO;Georgia;2018;;;;;;;;;;;;;
EUR;GEO;Georgia;2019;3;1;0;1;0;1;1;0;1;0;0;;
EUR;GRC;Greece;2015;;;;;;;;;;;;;
EUR;GRC;Greece;2016;;;;;;;;;;;;;
EUR;GRC;Greece;2017;;;;;;;;;;;;;
EUR;GRC;Greece;2018;;;;;;;;;;;;;
EUR;GRC;Greece;2019;;;;;;;;;;;;;
EUR;HRV;Croatia;2015;;;;;;;;;;;;;
EUR;HRV;Croatia;2016;0;0;0;0;2;0;0;0;0;0;0;0;
EUR;HRV;Croatia;2017;;;;;;;;;;;;;
EUR;HRV;Croatia;2018;;;;;;;;;;;;;
EUR;HRV;Croatia;2019;;;;;;;;;;;;;
EUR;HUN;Hungary;2015;;;;;;;;;;;;;
EUR;HUN;Hungary;2016;;;;;;;;;;;;;
EUR;HUN;Hungary;2017;;;;;;;;;;;;;
EUR;HUN;Hungary;2018;;;;;;;;;;;;;
EUR;HUN;Hungary;2019;;;;;;;;;;;;;
EUR;IRL;Ireland;2015;0;0;0;0;1;0;0;1;0;0;0;0;
EUR;IRL;Ireland;2016;0;0;1;0;0;0;0;0;0;0;0;0;
EUR;IRL;Ireland;2017;;;;;;;;;;;;;
EUR;IRL;Ireland;2018;;;;;;;;;;;;;
EUR;IRL;Ireland;2019;0;0;1;2;0;0;0;0;0;0;0;;
EUR;ISL;Iceland;2015;;;;;;;;;;;;;
EUR;ISL;Iceland;2016;;;;;;;;;;;;;
EUR;ISL;Iceland;2017;;;;;;;;;;;;;
EUR;ISL;Iceland;2018;;;;;;;;;;;;;
EUR;ISL;Iceland;2019;;;;;;;;;;;;;
EUR;ISR;Israel;2015;1;0;0;0;0;0;0;0;0;0;0;0;
EUR;ISR;Israel;2016;0;0;0;1;0;0;0;0;0;0;0;0;
EUR;ISR;Israel;2017;;;;;;;;;;;;;
EUR;ISR;Israel;2018;0;0;1;0;0;0;0;0;0;1;0;0;
EUR;ISR;Israel;2019;;;;;;;;;;;;;
EUR;ITA;Italy;2015;3;1;6;3;2;2;3;3;2;1;0;1;
EUR;ITA;Italy;2016;1;2;2;2;7;6;1;1;0;2;4;2;
EUR;ITA;Italy;2017;4;8;14;11;12;6;3;1;3;2;2;2;
EUR;ITA;Italy;2018;1;2;2;4;2;2;3;1;2;0;1;0;
EUR;ITA;Italy;2019;2;2;2;0;4;5;0;1;2;0;0;;
EUR;KAZ;Kazakhstan;2015;0;0;0;1;0;0;0;0;0;1;0;0;
EUR;KAZ;Kazakhstan;2016;0;1;0;1;0;0;0;0;1;0;1;0;
EUR;KAZ;Kazakhstan;2017;;;;;;;;;;;;;
EUR;KAZ;Kazakhstan;2018;0;0;0;0;0;0;0;0;0;1;0;0;
EUR;KAZ;Kazakhstan;2019;1;1;0;0;0;0;0;0;3;0;0;;
EUR;KGZ;Kyrgyzstan;2015;2;16;33;25;13;4;7;0;0;0;0;0;
EUR;KGZ;Kyrgyzstan;2016;0;1;0;0;0;1;0;0;0;0;0;0;
EUR;KGZ;Kyrgyzstan;2017;0;1;1;0;0;0;0;0;0;0;1;1;
EUR;KGZ;Kyrgyzstan;2018;4;0;3;0;0;1;0;0;0;0;0;0;
EUR;KGZ;Kyrgyzstan;2019;0;0;2;1;0;0;0;0;0;0;0;;
EUR;LTU;Lithuania;2015;;;;;;;;;;;;;
EUR;LTU;Lithuania;2016;;;;;;;;;;;;;
EUR;LTU;Lithuania;2017;;;;;;;;;;;;;
EUR;LTU;Lithuania;2018;0;0;0;0;1;0;0;0;0;0;0;0;
EUR;LTU;Lithuania;2019;;;;;;;;;;;;;
EUR;LUX;Luxembourg;2015;;;;;;;;;;;;;
EUR;LUX;Luxembourg;2016;;;;;;;;;;;;;
EUR;LUX;Luxembourg;2017;;;;;;;;;;;;;
EUR;LUX;Luxembourg;2018;;;;;;;;;;;;;
EUR;LUX;Luxembourg;2019;;;;;;;;;;;;;
EUR;LVA;Latvia;2015;;;;;;;;;;;;;
EUR;LVA;Latvia;2016;;;;;;;;;;;;;
EUR;LVA;Latvia;2017;;;;;;;;;;;;;
EUR;LVA;Latvia;2018;1;1;0;1;0;0;0;0;0;0;0;1;
EUR;LVA;Latvia;2019;1;0;0;1;0;0;0;0;0;0;0;;
EUR;MCO;Monaco;2015;;;;;;;;;;;;;
EUR;MCO;Monaco;2016;;;;;;;;;;;;;
EUR;MCO;Monaco;2017;;;;;;;;;;;;;
EUR;MCO;Monaco;2018;;;;;;;;;;;;;
EUR;MCO;Monaco;2019;;;;;;;;;;;;;
EUR;MDA;Republic of Moldova;2015;;;;;;;;;;;;;
EUR;MDA;Republic of Moldova;2016;;;;;;;;;;;;;
EUR;MDA;Republic of Moldova;2017;;;;;;;;;;;;;
EUR;MDA;Republic of Moldova;2018;;;;;;;;;;;;;
EUR;MDA;Republic of Moldova;2019;;;;;;;;;;;;;
EUR;MKD;The Republic of North Macedonia ;2015;0;0;0;0;0;0;1;0;0;0;0;0;
EUR;MKD;The Republic of North Macedonia ;2016;;;;;;;;;;;;;
EUR;MKD;The Republic of North Macedonia ;2017;;;;;;;;;;;;;
EUR;MKD;The Republic of North Macedonia ;2018;;;;;;;;;;;;;
EUR;MKD;The Republic of North Macedonia ;2019;;;;;;;;;;;;;
EUR;MLT;Malta;2015;;;;;;;;;;;;;
EUR;MLT;Malta;2016;;;;;;;;;;;;;
EUR;MLT;Malta;2017;;;;;;;;;;;;;
EUR;MLT;Malta;2018;;;;;;;;;;;;;
EUR;MLT;Malta;2019;;;;;;;;;;;;;
EUR;MNE;Montenegro;2015;;;;;;;;;;;;;
EUR;MNE;Montenegro;2016;;;;;;;;;;;;;
EUR;MNE;Montenegro;2017;;;;;;;;;;;;;
EUR;MNE;Montenegro;2018;;;;;;;;;;;;;
EUR;MNE;Montenegro;2019;;;;;;;;;;;;;
EUR;NLD;Netherlands;2015;0;0;0;0;0;0;0;0;0;1;0;0;
EUR;NLD;Netherlands;2016;;;;;;;;;;;;;
EUR;NLD;Netherlands;2017;;;;;;;;;;;;;
EUR;NLD;Netherlands;2018;;;;;;;;;;;;;
EUR;NLD;Netherlands;2019;;;;;;;;;;;;;
EUR;NOR;Norway;2015;;;;;;;;;;;;;
EUR;NOR;Norway;2016;;;;;;;;;;;;;
EUR;NOR;Norway;2017;;;;;;;;;;;;;
EUR;NOR;Norway;2018;;;;;;;;;;;;;
EUR;NOR;Norway;2019;;;;;;;;;;;;;
EUR;POL;Poland;2015;216;199;256;231;183;165;142;114;92;149;140;142;
EUR;POL;Poland;2016;141;137;111;150;103;113;52;47;46;78;57;70;
EUR;POL;Poland;2017;44;38;44;41;57;44;43;37;30;34;31;33;
EUR;POL;Poland;2018;35;43;42;47;57;50;38;34;20;25;24;22;
EUR;POL;Poland;2019;43;22;36;29;37;21;27;24;11;0;0;;
EUR;PRT;Portugal;2015;0;0;1;0;0;1;1;1;0;0;3;0;
EUR;PRT;Portugal;2016;2;1;1;0;1;2;0;0;0;0;1;0;
EUR;PRT;Portugal;2017;0;1;1;0;0;0;0;0;2;0;0;0;
EUR;PRT;Portugal;2018;0;1;0;0;0;2;0;1;1;0;0;0;
EUR;PRT;Portugal;2019;1;0;0;0;0;0;0;0;0;0;0;;
EUR;ROU;Romania;2015;1;1;0;1;1;2;0;0;0;1;1;0;
EUR;ROU;Romania;2016;0;0;1;1;2;1;0;3;0;1;2;2;
EUR;ROU;Romania;2017;1;1;0;1;2;0;1;2;0;1;0;0;
EUR;ROU;Romania;2018;1;0;1;1;0;2;1;1;1;0;1;0;
EUR;ROU;Romania;2019;;;;;;;;;;;;;
EUR;RUS;Russian Federation;2015;3;5;3;0;1;0;0;1;0;0;0;1;
EUR;RUS;Russian Federation;2016;6;8;11;6;1;1;0;0;3;0;0;1;
EUR;RUS;Russian Federation;2017;0;0;1;1;2;0;0;1;0;1;0;1;
EUR;RUS;Russian Federation;2018;0;0;0;0;2;1;0;0;1;0;1;1;
EUR;RUS;Russian Federation;2019;1;9;2;5;3;1;2;0;0;0;0;;
EUR;SMR;San Marino;2015;;;;;;;;;;;;;
EUR;SMR;San Marino;2016;;;;;;;;;;;;;
EUR;SMR;San Marino;2017;;;;;;;;;;;;;
EUR;SMR;San Marino;2018;;;;;;;;;;;;;
EUR;SMR;San Marino;2019;;;;;;;;;;;;;
EUR;SRB;Serbia;2015;;;;;;;;;;;;;
EUR;SRB;Serbia;2016;;;;;;;;;;;;;
EUR;SRB;Serbia;2017;;;;;;;;;;;;;
EUR;SRB;Serbia;2018;;;;;;;;;;;;;
EUR;SRB;Serbia;2019;;;;;;;;;;;;;
EUR;SVK;Slovakia;2015;;;;;;;;;;;;;
EUR;SVK;Slovakia;2016;;;;;;;;;;;;;
EUR;SVK;Slovakia;2017;;;;;;;;;;;;;
EUR;SVK;Slovakia;2018;;;;;;;;;;;;;
EUR;SVK;Slovakia;2019;;;;;;;;;;;;;
EUR;SVN;Slovenia;2015;;;;;;;;;;;;;
EUR;SVN;Slovenia;2016;;;;;;;;;;;;;
EUR;SVN;Slovenia;2017;;;;;;;;;;;;;
EUR;SVN;Slovenia;2018;;;;;;;;;;;;;
EUR;SVN;Slovenia;2019;;;;;;;;;;;;;
EUR;SWE;Sweden;2015;;;;;;;;;;;;;
EUR;SWE;Sweden;2016;;;;;;;;;;;;;
EUR;SWE;Sweden;2017;;;;;;;;;;;;;
EUR;SWE;Sweden;2018;;;;;;;;;;;;;
EUR;SWE;Sweden;2019;;;;;;;;;;;;;
EUR;TJK;Tajikistan;2015;0;0;0;0;0;0;0;0;0;0;0;1;
EUR;TJK;Tajikistan;2016;0;1;0;0;0;0;0;0;0;0;0;0;
EUR;TJK;Tajikistan;2017;1;0;0;0;0;0;0;0;0;0;0;0;
EUR;TJK;Tajikistan;2018;;;;;;;;;;;;;
EUR;TJK;Tajikistan;2019;;;;;;;;;;;;;
EUR;TKM;Turkmenistan;2015;;;;;;;;;;;;;
EUR;TKM;Turkmenistan;2016;;;;;;;;;;;;;
EUR;TKM;Turkmenistan;2017;;;;;;;;;;;;;
EUR;TKM;Turkmenistan;2018;;;;;;;;;;;;;
EUR;TKM;Turkmenistan;2019;;;;;;;;;;;;;
EUR;TUR;Turkey;2015;;;;;;;;;;;;;
EUR;TUR;Turkey;2016;;;;;;;;;;;;;
EUR;TUR;Turkey;2017;0;0;0;0;2;0;0;0;0;0;0;0;
EUR;TUR;Turkey;2018;0;1;4;5;1;2;0;1;1;3;4;0;
EUR;TUR;Turkey;2019;0;3;3;9;9;4;2;5;3;0;0;;
EUR;UKR;Ukraine;2015;;;;;;;;;;;;;
EUR;UKR;Ukraine;2016;;;;;;;;;;;;;
EUR;UKR;Ukraine;2017;;;;;;;;;;;;;
EUR;UKR;Ukraine;2018;24;42;17;32;20;12;11;28;15;9;12;13;
EUR;UKR;Ukraine;2019;17;32;14;17;12;2;6;15;12;0;0;;
EUR;UZB;Uzbekistan;2015;;;;;;;;;;;;;
EUR;UZB;Uzbekistan;2016;;;;;;;;;;;;;
EUR;UZB;Uzbekistan;2017;0;0;0;0;1;0;0;0;0;0;0;0;
EUR;UZB;Uzbekistan;2018;;;;;;;;;;;;;
EUR;UZB;Uzbekistan;2019;0;0;0;1;0;0;0;0;0;0;0;;
SEAR;BGD;Bangladesh;2015;6;30;28;16;31;15;1;16;13;18;8;7;
SEAR;BGD;Bangladesh;2016;6;18;12;15;14;9;18;21;20;12;15;5;
SEAR;BGD;Bangladesh;2017;5;30;34;34;40;22;20;43;21;23;8;19;
SEAR;BGD;Bangladesh;2018;12;19;53;57;59;18;9;6;26;23;20;6;
SEAR;BGD;Bangladesh;2019;9;12;19;16;11;8;11;10;20;6;0;;
SEAR;BTN;Bhutan;2015;1;0;0;0;0;0;0;0;0;0;0;0;
SEAR;BTN;Bhutan;2016;;;;;;;;;;;;;
SEAR;BTN;Bhutan;2017;0;0;2;3;0;1;0;1;0;0;0;1;
SEAR;BTN;Bhutan;2018;0;1;0;0;0;0;0;0;0;0;0;0;
SEAR;BTN;Bhutan;2019;;;;;;;;;;;;;
SEAR;IDN;Indonesia;2015;173;148;223;184;133;103;49;44;68;73;110;71;
SEAR;IDN;Indonesia;2016;252;198;176;118;78;45;15;53;40;89;78;28;
SEAR;IDN;Indonesia;2017;312;506;652;605;524;273;266;409;307;340;205;100;
SEAR;IDN;Indonesia;2018;191;168;244;201;116;67;61;152;172;151;94;35;
SEAR;IDN;Indonesia;2019;91;84;100;81;58;27;15;0;0;0;0;;
SEAR;IND;India;2015;495;699;704;649;318;116;15;51;13;43;93;69;
SEAR;IND;India;2016;394;1753;3464;2033;994;107;11;12;14;68;70;164;
SEAR;IND;India;2017;218;462;837;517;218;66;47;71;26;13;42;106;
SEAR;IND;India;2018;130;293;568;696;385;111;53;24;16;31;34;51;
SEAR;IND;India;2019;135;470;1065;525;184;79;62;73;36;11;0;;
SEAR;LKA;Sri Lanka;2015;;;;;;;;;;;;;
SEAR;LKA;Sri Lanka;2016;0;0;0;0;0;0;0;0;0;0;1;0;
SEAR;LKA;Sri Lanka;2017;0;0;1;0;0;0;0;0;0;0;0;0;
SEAR;LKA;Sri Lanka;2018;;;;;;;;;;;;;
SEAR;LKA;Sri Lanka;2019;;;;;;;;;;;;;
SEAR;MDV;Maldives;2015;0;0;0;0;2;0;0;0;0;1;0;0;
SEAR;MDV;Maldives;2016;;;;;;;;;;;;;
SEAR;MDV;Maldives;2017;0;1;0;0;0;0;0;0;0;0;0;0;
SEAR;MDV;Maldives;2018;;;;;;;;;;;;;
SEAR;MDV;Maldives;2019;;;;;;;;;;;;;
SEAR;MMR;Myanmar;2015;9;9;5;1;2;0;0;0;0;3;2;3;
SEAR;MMR;Myanmar;2016;1;1;0;1;2;0;0;0;1;0;3;1;
SEAR;MMR;Myanmar;2017;0;3;0;0;0;0;0;0;1;1;0;1;
SEAR;MMR;Myanmar;2018;0;0;0;3;0;1;3;1;2;0;2;1;
SEAR;MMR;Myanmar;2019;4;2;1;2;3;6;2;1;0;0;0;;
SEAR;NPL;Nepal;2015;2;0;2;1;0;0;1;0;0;2;0;0;
SEAR;NPL;Nepal;2016;1;2;1;3;6;1;4;1;2;0;1;0;
SEAR;NPL;Nepal;2017;2;0;1;2;1;6;3;1;1;1;2;2;
SEAR;NPL;Nepal;2018;2;4;0;3;8;5;5;3;3;1;0;0;
SEAR;NPL;Nepal;2019;1;2;6;4;2;10;2;2;2;0;0;;
SEAR;PRK;Democratic People's Republic of Korea;2015;;;;;;;;;;;;;
SEAR;PRK;Democratic People's Republic of Korea;2016;;;;;;;;;;;;;
SEAR;PRK;Democratic People's Republic of Korea;2017;;;;;;;;;;;;;
SEAR;PRK;Democratic People's Republic of Korea;2018;;;;;;;;;;;;;
SEAR;PRK;Democratic People's Republic of Korea;2019;;;;;;;;;;;;;
SEAR;THA;Thailand;2015;1;15;1;0;2;7;2;0;2;5;1;0;
SEAR;THA;Thailand;2016;1;0;0;0;1;1;0;0;0;1;2;1;
SEAR;THA;Thailand;2017;3;9;3;1;1;1;1;1;2;1;0;1;
SEAR;THA;Thailand;2018;1;5;1;2;2;1;1;4;6;7;13;7;
SEAR;THA;Thailand;2019;8;11;25;12;18;14;4;7;13;1;0;;
SEAR;TLS;Timor-Leste;2015;0;0;0;0;0;0;3;1;0;1;0;0;
SEAR;TLS;Timor-Leste;2016;0;0;0;2;1;0;0;1;4;0;0;1;
SEAR;TLS;Timor-Leste;2017;1;0;0;0;0;0;2;0;0;0;0;2;
SEAR;TLS;Timor-Leste;2018;1;0;2;1;0;0;0;1;1;0;0;0;
SEAR;TLS;Timor-Leste;2019;0;0;0;1;0;0;2;0;2;0;0;;
WPR;AUS;Australia;2015;;;;;;;;;;;;;
WPR;AUS;Australia;2016;;;;;;;;;;;;;
WPR;AUS;Australia;2017;;;;;;;;;;;;;
WPR;AUS;Australia;2018;;;;;;;;;;;;;
WPR;AUS;Australia;2019;;;;;;;;;;;;;
WPR;BRN;Brunei Darussalam;2015;;;;;;;;;;;;;
WPR;BRN;Brunei Darussalam;2016;;;;;;;;;;;;;
WPR;BRN;Brunei Darussalam;2017;;;;;;;;;;;;;
WPR;BRN;Brunei Darussalam;2018;;;;;;;;;;;;;
WPR;BRN;Brunei Darussalam;2019;;;;;;;;;;;;;
WPR;CHN;China;2015;785;683;1160;1978;1712;787;445;209;86;145;149;108;
WPR;CHN;China;2016;288;191;670;0;2066;632;209;50;112;109;149;1;
WPR;CHN;China;2017;99;103;263;238;241;131;95;62;66;65;86;152;
WPR;CHN;China;2018;65;65;235;450;715;315;223;173;245;286;382;792;
WPR;CHN;China;2019;759;806;3732;7353;8874;5364;1656;551;357;0;0;;
WPR;COK;Cook Islands;2015;;;;;;;;;;;;;
WPR;COK;Cook Islands;2016;;;;;;;;;;;;;
WPR;COK;Cook Islands;2017;;;;;;;;;;;;;
WPR;COK;Cook Islands;2018;;;;;;;;;;;;;
WPR;COK;Cook Islands;2019;;;;;;;;;;;;;
WPR;FJI;Fiji;2015;0;0;0;0;0;0;0;0;0;0;1;0;
WPR;FJI;Fiji;2016;0;0;0;0;1;0;0;0;0;0;0;0;
WPR;FJI;Fiji;2017;0;1;0;0;0;1;0;0;1;0;0;0;
WPR;FJI;Fiji;2018;;;;;;;;;;;;;
WPR;FJI;Fiji;2019;;;;;;;;;;;;;
WPR;FSM;Micronesia (Federated States of);2015;;;;;;;;;;;;;
WPR;FSM;Micronesia (Federated States of);2016;;;;;;;;;;;;;
WPR;FSM;Micronesia (Federated States of);2017;;;;;;;;;;;;;
WPR;FSM;Micronesia (Federated States of);2018;;;;;;;;;;;;;
WPR;FSM;Micronesia (Federated States of);2019;;;;;;;;;;;;;
WPR;JPN;Japan;2015;0;0;0;2;0;0;0;0;0;0;0;0;
WPR;JPN;Japan;2016;0;0;1;1;0;1;0;0;0;0;0;0;
WPR;JPN;Japan;2017;2;0;1;0;0;0;0;1;0;1;0;0;
WPR;JPN;Japan;2018;0;0;0;1;3;1;4;13;12;17;11;6;
WPR;JPN;Japan;2019;356;456;409;275;256;234;150;109;37;1;0;;
WPR;KHM;Cambodia;2015;1;0;1;0;1;0;0;3;4;8;0;0;
WPR;KHM;Cambodia;2016;0;0;0;0;0;1;1;2;0;0;0;0;
WPR;KHM;Cambodia;2017;1;0;3;1;0;0;0;0;0;2;0;0;
WPR;KHM;Cambodia;2018;0;0;0;0;0;0;0;0;3;0;0;0;
WPR;KHM;Cambodia;2019;6;0;3;2;1;1;5;5;3;0;0;;
WPR;KIR;Kiribati;2015;;;;;;;;;;;;;
WPR;KIR;Kiribati;2016;;;;;;;;;;;;;
WPR;KIR;Kiribati;2017;;;;;;;;;;;;;
WPR;KIR;Kiribati;2018;;;;;;;;;;;;;
WPR;KIR;Kiribati;2019;;;;;;;;;;;;;
WPR;KOR;Republic of Korea;2015;1;0;1;0;0;0;0;0;0;0;0;0;
WPR;KOR;Republic of Korea;2016;0;0;1;1;0;0;1;0;0;0;0;0;
WPR;KOR;Republic of Korea;2017;0;0;0;0;0;0;0;0;0;0;2;0;
WPR;KOR;Republic of Korea;2018;;;;;;;;;;;;;
WPR;KOR;Republic of Korea;2019;1;0;0;3;0;1;1;0;0;0;0;;
WPR;LAO;Lao People's Democratic Republic;2015;0;7;6;0;0;1;0;0;0;0;0;8;
WPR;LAO;Lao People's Democratic Republic;2016;31;0;0;0;0;0;0;1;0;0;0;2;
WPR;LAO;Lao People's Democratic Republic;2017;4;5;0;0;2;0;0;1;0;0;0;0;
WPR;LAO;Lao People's Democratic Republic;2018;1;2;2;1;2;2;0;2;0;3;0;0;
WPR;LAO;Lao People's Democratic Republic;2019;1;0;1;3;0;0;0;0;0;0;0;;
WPR;MHL;Marshall Islands;2015;;;;;;;;;;;;;
WPR;MHL;Marshall Islands;2016;;;;;;;;;;;;;
WPR;MHL;Marshall Islands;2017;;;;;;;;;;;;;
WPR;MHL;Marshall Islands;2018;;;;;;;;;;;;;
WPR;MHL;Marshall Islands;2019;;;;;;;;;;;;;
WPR;MNG;Mongolia;2015;0;0;5;7;0;0;0;0;1;4;4;5;
WPR;MNG;Mongolia;2016;3;1;1;1;0;5;0;0;1;4;1;2;
WPR;MNG;Mongolia;2017;0;2;1;2;5;0;0;0;0;0;0;1;
WPR;MNG;Mongolia;2018;0;0;1;0;0;0;0;0;0;0;0;0;
WPR;MNG;Mongolia;2019;1;0;0;0;1;0;0;0;0;0;0;;
WPR;MYS;Malaysia;2015;7;6;2;7;1;0;3;1;2;0;3;2;
WPR;MYS;Malaysia;2016;4;3;5;2;12;8;12;12;3;2;3;4;
WPR;MYS;Malaysia;2017;3;8;12;11;12;13;14;14;9;8;2;9;
WPR;MYS;Malaysia;2018;16;6;10;20;17;12;19;21;19;19;7;14;
WPR;MYS;Malaysia;2019;13;12;16;24;11;6;19;9;7;0;0;;
WPR;NIU;Niue;2015;;;;;;;;;;;;;
WPR;NIU;Niue;2016;;;;;;;;;;;;;
WPR;NIU;Niue;2017;;;;;;;;;;;;;
WPR;NIU;Niue;2018;;;;;;;;;;;;;
WPR;NIU;Niue;2019;;;;;;;;;;;;;
WPR;NRU;Nauru;2015;;;;;;;;;;;;;
WPR;NRU;Nauru;2016;;;;;;;;;;;;;
WPR;NRU;Nauru;2017;;;;;;;;;;;;;
WPR;NRU;Nauru;2018;;;;;;;;;;;;;
WPR;NRU;Nauru;2019;;;;;;;;;;;;;
WPR;NZL;New Zealand;2015;;;;;;;;;;;;;
WPR;NZL;New Zealand;2016;0;1;1;0;1;0;0;0;0;0;0;0;
WPR;NZL;New Zealand;2017;1;0;0;0;0;0;0;0;0;0;0;0;
WPR;NZL;New Zealand;2018;;;;;;;;;;;;;
WPR;NZL;New Zealand;2019;;;;;;;;;;;;;
WPR;PHL;Philippines;2015;19;26;30;18;7;12;15;8;10;8;1;0;
WPR;PHL;Philippines;2016;26;10;18;13;9;4;7;17;12;16;23;10;
WPR;PHL;Philippines;2017;42;79;56;48;31;40;81;39;35;14;5;4;
WPR;PHL;Philippines;2018;19;23;32;17;13;8;12;5;5;13;4;0;
WPR;PHL;Philippines;2019;14;25;32;19;6;10;13;5;17;3;0;;
WPR;PLW;Palau;2015;;;;;;;;;;;;;
WPR;PLW;Palau;2016;;;;;;;;;;;;;
WPR;PLW;Palau;2017;;;;;;;;;;;;;
WPR;PLW;Palau;2018;;;;;;;;;;;;;
WPR;PLW;Palau;2019;;;;;;;;;;;;;
WPR;PNG;Papua New Guinea;2015;0;0;0;1;1;0;0;0;0;1;1;0;
WPR;PNG;Papua New Guinea;2016;0;0;0;0;0;0;0;0;0;1;0;0;
WPR;PNG;Papua New Guinea;2017;0;0;0;0;0;0;0;0;1;0;0;0;
WPR;PNG;Papua New Guinea;2018;0;1;0;0;0;0;0;0;0;0;2;0;
WPR;PNG;Papua New Guinea;2019;0;0;0;0;1;1;1;0;0;0;0;;
WPR;SGP;Singapore;2015;0;0;0;1;0;0;0;0;0;0;0;0;
WPR;SGP;Singapore;2016;;;;;;;;;;;;;
WPR;SGP;Singapore;2017;0;0;0;1;0;0;0;1;1;0;0;0;
WPR;SGP;Singapore;2018;0;0;1;1;0;1;3;4;2;0;3;0;
WPR;SGP;Singapore;2019;0;0;0;0;0;0;1;2;0;0;0;;
WPR;SLB;Solomon Islands;2015;;;;;;;;;;;;;
WPR;SLB;Solomon Islands;2016;;;;;;;;;;;;;
WPR;SLB;Solomon Islands;2017;;;;;;;;;;;;;
WPR;SLB;Solomon Islands;2018;;;;;;;;;;;;;
WPR;SLB;Solomon Islands;2019;;;;;;;;;;;;;
WPR;TON;Tonga;2015;;;;;;;;;;;;;
WPR;TON;Tonga;2016;;;;;;;;;;;;;
WPR;TON;Tonga;2017;;;;;;;;;;;;;
WPR;TON;Tonga;2018;;;;;;;;;;;;;
WPR;TON;Tonga;2019;;;;;;;;;;;;;
WPR;TUV;Tuvalu;2015;;;;;;;;;;;;;
WPR;TUV;Tuvalu;2016;;;;;;;;;;;;;
WPR;TUV;Tuvalu;2017;;;;;;;;;;;;;
WPR;TUV;Tuvalu;2018;;;;;;;;;;;;;
WPR;TUV;Tuvalu;2019;;;;;;;;;;;;;
WPR;VNM;Viet Nam;2015;90;38;22;12;43;7;5;3;9;52;413;115;
WPR;VNM;Viet Nam;2016;6;15;32;64;58;63;33;15;8;5;2;0;
WPR;VNM;Viet Nam;2017;2;3;7;6;4;9;8;9;9;3;20;3;
WPR;VNM;Viet Nam;2018;5;3;0;5;7;2;4;3;2;4;2;3;
WPR;VNM;Viet Nam;2019;5;7;7;1;0;0;0;0;0;0;0;;
WPR;VUT;Vanuatu;2015;;;;;;;;;;;;;
WPR;VUT;Vanuatu;2016;;;;;;;;;;;;;
WPR;VUT;Vanuatu;2017;;;;;;;;;;;;;
WPR;VUT;Vanuatu;2018;;;;;;;;;;;;;
WPR;VUT;Vanuatu;2019;;;;;;;;;;;;;
WPR;WSM;Samoa;2015;;;;;;;;;;;;;
WPR;WSM;Samoa;2016;;;;;;;;;;;;;
WPR;WSM;Samoa;2017;;;;;;;;;;;;;
WPR;WSM;Samoa;2018;;;;;;;;;;;;;
WPR;WSM;Samoa;2019;;;;;;;;;;;;;